,noaa_wind_direction_46078,noaa_wind_speed_46077,noaa_wind_speed_46073,noaa_wind_speed_46078,noaa_wind_direction_46077,noaa_wind_direction_46076,noaa_wind_direction_46073,noaa_wind_speed_46076
0,0.7777777777777778,0.55,0.9,0.32,0.5972222222222222,0.6222222222222222,0.275,0.32999999999999996
1,0.6777777777777778,0.54,0.75,0.32,0.6277777777777778,0.6583333333333333,0.26944444444444443,0.27
2,0.6166666666666667,0.48,0.7,0.32,0.625,0.6805555555555556,0.29444444444444445,0.2
3,0.6138888888888889,0.5,0.61,0.29,0.6583333333333333,0.6388888888888888,0.3111111111111111,0.22999999999999998
4,0.5972222222222222,0.54,0.51,0.27,0.6805555555555556,0.6472222222222223,0.3416666666666667,0.26
5,0.49722222222222223,0.6,0.4,0.27999999999999997,0.7111111111111111,0.6027777777777777,0.3888888888888889,0.16999999999999998
6,0.5055555555555555,0.5599999999999999,0.35,0.37,0.6944444444444444,0.5666666666666667,0.4666666666666667,0.32999999999999996
7,0.5055555555555555,0.61,0.65,0.29,0.7166666666666667,0.6305555555555555,0.5055555555555555,0.43
8,0.5055555555555555,0.61,0.65,0.29,0.7166666666666667,0.6305555555555555,0.5055555555555555,0.43
