,noaa_wind_direction_46077,noaa_wind_speed_46076,noaa_wind_direction_46073,noaa_wind_speed_46073,noaa_wind_direction_46078,noaa_wind_speed_46078,noaa_wind_direction_46076,noaa_wind_speed_46077
0,0.12777777777777777,1.73,0.9805555555555555,0.8800000000000001,0.19166666666666668,1.03,0.21944444444444444,1.69
1,0.1111111111111111,1.69,0.9472222222222222,0.82,0.24166666666666667,0.73,0.2222222222222222,1.81
2,0.09722222222222222,1.92,0.9805555555555555,0.95,0.28055555555555556,0.6,0.19444444444444445,1.86
3,0.09722222222222222,1.8699999999999999,0.9472222222222222,0.8,0.21388888888888888,0.62,0.18888888888888888,1.86
4,0.09166666666666666,1.7,0.9611111111111111,0.89,0.23333333333333334,0.2,0.16111111111111112,1.85
5,0.09722222222222222,1.7100000000000002,0.9777777777777777,0.9400000000000001,0.19166666666666668,0.44000000000000006,0.16944444444444445,1.94
6,0.10833333333333334,1.72,0.9166666666666666,0.9099999999999999,0.14722222222222223,0.53,0.15,1.85
