,jnj,cat,goog
0,0.0,0.0,-21.48271714032468
1,0.0,0.0,-5.723931041856645
2,0.0,13.409480627154302,0.0
3,0.0,0.0,0.0
4,0.0,0.0,5.139048897977894
5,0.0,0.0,11.106032116846798
6,0.0,0.0,-22.659372650148057
7,0.0,0.0,-22.659372650148057
8,4.194978446269815,0.0,0.0
9,-4.194978446269815,0.0,0.0
10,0.0,0.0,0.0
11,0.0,0.0,0.0
12,0.0,0.0,-22.659372650148057
13,0.0,0.0,31.002718320612743
14,0.0,0.0,17.49947198604751
