,ma,jnj,cat
0,0.0,0.0,0.0
1,0.0,0.0,0.0
2,0.0,0.0,13.409480627154302
3,0.0,0.0,0.0
4,0.0,0.0,0.0
5,0.0,0.0,0.0
6,0.0,0.0,0.0
7,0.0,0.0,0.0
8,0.0,4.194978446269815,0.0
9,0.0,-4.194978446269815,0.0
10,16.095608636216063,0.0,0.0
11,-16.095608636216063,0.0,0.0
12,0.0,0.0,0.0
