,cat,goog,nke
0,0.0,-21.48271714032468,0.0
1,0.0,-5.723931041856645,0.0
2,13.409480627154302,0.0,0.0
3,0.0,0.0,-8.755799632979233
4,0.0,5.139048897977894,0.0
5,0.0,11.106032116846798,0.0
