,traffic_absolute_speed,traffic_speed_deltas
0,49.7,0.6199999999999974
1,47.84,2.489999999999995
2,45.98,-1.8599999999999994
3,49.7,1.8599999999999994
4,45.98,-3.720000000000006
5,45.36,1.8600000000000065
6,45.36,4.340000000000003
