,noaa_wind_direction_46061,noaa_wind_speed_46061,noaa_wind_speed_44005,noaa_wind_speed_41008,noaa_wind_direction_41008,noaa_wind_direction_44005
0,0.08888888888888889,0.13999999999999999,0.7,0.32999999999999996,0.625,0.5833333333333334
1,0.3972222222222222,0.16999999999999998,0.7,0.27,0.5166666666666667,0.5944444444444444
2,0.36944444444444446,0.29,0.6599999999999999,0.22000000000000003,0.5222222222222223,0.5916666666666667
3,0.3638888888888889,0.22999999999999998,0.6799999999999999,0.27999999999999997,0.5722222222222222,0.5583333333333333
4,0.45,0.16,0.73,0.27999999999999997,0.5166666666666667,0.5555555555555556
5,0.44722222222222224,0.1,0.73,0.31,0.49166666666666664,0.5666666666666667
6,0.5444444444444444,0.16,0.6799999999999999,0.33999999999999997,0.5111111111111111,0.5722222222222222
7,0.5972222222222222,0.29,0.62,0.45,0.5027777777777778,0.5805555555555556
8,0.5972222222222222,0.29,0.62,0.45,0.5027777777777778,0.5805555555555556
